{
	"owl" : [
		{"item" : "<div class=\"article\"><h2>0</h2></div>"},
		{"item" : "<div class=\"article\"><h2>1</h2></div>"},
		{"item" : "<div class=\"article\"><h2>2</h2></div>"},
		{"item" : "<div class=\"article\"><h2>3</h2></div>"},
		{"item" : "<div class=\"article\"><h2>4</h2></div>"},
		{"item" : "<div class=\"article\"><h2>5</h2></div>"},
		{"item" : "<div class=\"article\"><h2>6</h2></div>"},
		{"item" : "<div class=\"article\"><h2>7</h2></div>"},
		{"item" : "<div class=\"article\"><h2>8</h2></div>"},
		{"item" : "<div class=\"article\"><h2>9</h2></div>"},
		{"item" : "<div class=\"article\"><h2>10</h2></div>"},
		{"item" : "<div class=\"article\"><h2>11</h2></div>"},
		{"item" : "<div class=\"article\"><h2>12</h2></div>"},
		{"item" : "<div class=\"article\"><h2>13</h2></div>"},
		{"item" : "<div class=\"article\"><h2>14</h2></div>"},
		{"item" : "<div class=\"article\"><h2>15</h2></div>"},
		{"item" : "<div class=\"article\"><h2>16</h2></div>"},
		{"item" : "<div class=\"article\"><h2>17</h2></div>"},
		{"item" : "<div class=\"article\"><h2>18</h2></div>"},
		{"item" : "<div class=\"article\"><h2>19</h2></div>"},
		{"item" : "<div class=\"article\"><h2>20</h2></div>"},
		{"item" : "<div class=\"article\"><h2>21</h2></div>"},
		{"item" : "<div class=\"article\"><h2>22</h2></div>"},
		{"item" : "<div class=\"article\"><h2>23</h2></div>"},
		{"item" : "<div class=\"article\"><h2>24</h2></div>"},
		{"item" : "<div class=\"article\"><h2>25</h2></div>"},
		{"item" : "<div class=\"article\"><h2>26</h2></div>"},
		{"item" : "<div class=\"article\"><h2>27</h2></div>"},
		{"item" : "<div class=\"article\"><h2>28</h2></div>"},
		{"item" : "<div class=\"article\"><h2>29</h2></div>"},
		{"item" : "<div class=\"article\"><h2>30</h2></div>"}
	]
}